0000;41;H=72;T=33;Hs=0.0;sp=2;sf=7;rx_timestamp=15211882; rssi=-62; snr=6.0; sfrx=7; sftx=0; tx_trials=0; tx_power=14; tx_time_on_air=0; tx_counter=0; tx_frequency=0
0000;42;H=72;T=33;Hs=0.0;sp=2;sf=12;rx_timestamp=37932663; rssi=-63; snr=11.0; sfrx=12; sftx=0; tx_trials=0; tx_power=14; tx_time_on_air=0; tx_counter=0; tx_frequency=0
0000;43;H=72;T=33;Hs=0.0;sp=20;sf=7;rx_timestamp=57446085; rssi=-40; snr=6.0; sfrx=7; sftx=0; tx_trials=0; tx_power=14; tx_time_on_air=0; tx_counter=0; tx_frequency=0
0000;44;H=72;T=33;Hs=0.0;sp=20;sf=12;rx_timestamp=80324480; rssi=-44; snr=7.0; sfrx=12; sftx=0; tx_trials=0; tx_power=14; tx_time_on_air=0; tx_counter=0; tx_frequency=0
0000;45;H=57;T=32;Hs=53.15283;sp=2;sf=7;rx_timestamp=102811353; rssi=-54; snr=6.0; sfrx=7; sftx=0; tx_trials=0; tx_power=14; tx_time_on_air=0; tx_counter=0; tx_frequency=0
0000;46;H=57;T=32;Hs=53.15283;sp=2;sf=12;rx_timestamp=125699746; rssi=-55; snr=10.0; sfrx=12; sftx=0; tx_trials=0; tx_power=14; tx_time_on_air=0; tx_counter=0; tx_frequency=0
0000;47;H=57;T=32;Hs=53.15283;sp=20;sf=7;rx_timestamp=145054471; rssi=-38; snr=6.0; sfrx=7; sftx=0; tx_trials=0; tx_power=14; tx_time_on_air=0; tx_counter=0; tx_frequency=0
0000;48;H=57;T=32;Hs=53.15283;sp=20;sf=12;rx_timestamp=168091504; rssi=-43; snr=8.0; sfrx=12; sftx=0; tx_trials=0; tx_power=14; tx_time_on_air=0; tx_counter=0; tx_frequency=0
0000;49;H=55;T=32;Hs=51.87033;sp=2;sf=7;rx_timestamp=188345502; rssi=-54; snr=6.0; sfrx=7; sftx=0; tx_trials=0; tx_power=14; tx_time_on_air=0; tx_counter=0; tx_frequency=0
0000;50;H=55;T=32;Hs=51.87033;sp=2;sf=12;rx_timestamp=211218869; rssi=-57; snr=10.0; sfrx=12; sftx=0; tx_trials=0; tx_power=14; tx_time_on_air=0; tx_counter=0; tx_frequency=0
0000;51;H=55;T=32;Hs=51.87033;sp=20;sf=7;rx_timestamp=230573589; rssi=-42; snr=6.0; sfrx=7; sftx=0; tx_trials=0; tx_power=14; tx_time_on_air=0; tx_counter=0; tx_frequency=0
0000;52;H=55;T=32;Hs=51.87033;sp=20;sf=12;rx_timestamp=253614587; rssi=-44; snr=7.0; sfrx=12; sftx=0; tx_trials=0; tx_power=14; tx_time_on_air=0; tx_counter=0; tx_frequency=0
0000;53;H=54;T=33;Hs=50.01781;sp=2;sf=7;rx_timestamp=273867570; rssi=-57; snr=6.0; sfrx=7; sftx=0; tx_trials=0; tx_power=14; tx_time_on_air=0; tx_counter=0; tx_frequency=0
2024-06-28 12:02:26.289492;54;H=54;T=33;Hs=50.01781;sp=2;sf=12;rx_timestamp=296742933; rssi=-58; snr=9.0; sfrx=12; sftx=0; tx_trials=0; tx_power=14; tx_time_on_air=0; tx_counter=0; tx_frequency=0
0000;55;H=54;T=33;Hs=50.01781;sp=20;sf=7;rx_timestamp=316097626; rssi=-42; snr=6.0; sfrx=7; sftx=0; tx_trials=0; tx_power=14; tx_time_on_air=0; tx_counter=0; tx_frequency=0
2024-06-28 12:03:07.779969;56;H=54;T=33;Hs=50.01781;sp=20;sf=12;rx_timestamp=339134623; rssi=-44; snr=7.0; sfrx=12; sftx=0; tx_trials=0; tx_power=14; tx_time_on_air=0; tx_counter=0; tx_frequency=0
0000;57;H=54;T=32;Hs=50.19594;sp=2;sf=7;rx_timestamp=359386585; rssi=-55; snr=6.0; sfrx=7; sftx=0; tx_trials=0; tx_power=14; tx_time_on_air=0; tx_counter=0; tx_frequency=0
2024-06-28 12:03:51.308713;58;H=54;T=32;Hs=50.19594;sp=2;sf=12;rx_timestamp=382259931; rssi=-58; snr=10.0; sfrx=12; sftx=0; tx_trials=0; tx_power=14; tx_time_on_air=0; tx_counter=0; tx_frequency=0
2024-06-28 12:04:13.088178;59;H=54;T=32;Hs=50.19594;sp=20;sf=7;rx_timestamp=401616620; rssi=-42; snr=6.0; sfrx=7; sftx=0; tx_trials=0; tx_power=14; tx_time_on_air=0; tx_counter=0; tx_frequency=0
0000;60;H=54;T=32;Hs=50.19594;sp=20;sf=12;rx_timestamp=424653607; rssi=-44; snr=7.0; sfrx=12; sftx=0; tx_trials=0; tx_power=14; tx_time_on_air=0; tx_counter=0; tx_frequency=0
0000;61;H=57;T=32;Hs=50.23157;sp=2;sf=7;rx_timestamp=444917570; rssi=-55; snr=6.0; sfrx=7; sftx=0; tx_trials=0; tx_power=14; tx_time_on_air=0; tx_counter=0; tx_frequency=0
0000;62;H=57;T=32;Hs=50.23157;sp=2;sf=12;rx_timestamp=467792901; rssi=-58; snr=9.0; sfrx=12; sftx=0; tx_trials=0; tx_power=14; tx_time_on_air=0; tx_counter=0; tx_frequency=0
0000;63;H=57;T=32;Hs=50.23157;sp=20;sf=7;rx_timestamp=487147594; rssi=-43; snr=6.0; sfrx=7; sftx=0; tx_trials=0; tx_power=14; tx_time_on_air=0; tx_counter=0; tx_frequency=0
0000;64;H=57;T=32;Hs=50.23157;sp=20;sf=12;rx_timestamp=510186558; rssi=-44; snr=7.0; sfrx=12; sftx=0; tx_trials=0; tx_power=14; tx_time_on_air=0; tx_counter=0; tx_frequency=0
0000;65;H=56;T=33;Hs=49.02031;sp=2;sf=7;rx_timestamp=530440518; rssi=-55; snr=6.0; sfrx=7; sftx=0; tx_trials=0; tx_power=14; tx_time_on_air=0; tx_counter=0; tx_frequency=0
0000;66;H=56;T=33;Hs=49.02031;sp=2;sf=12;rx_timestamp=553315852; rssi=-58; snr=10.0; sfrx=12; sftx=0; tx_trials=0; tx_power=14; tx_time_on_air=0; tx_counter=0; tx_frequency=0
0000;67;H=56;T=33;Hs=49.02031;sp=20;sf=7;rx_timestamp=572670520; rssi=-42; snr=6.0; sfrx=7; sftx=0; tx_trials=0; tx_power=14; tx_time_on_air=0; tx_counter=0; tx_frequency=0
0000;68;H=56;T=33;Hs=49.02031;sp=20;sf=12;rx_timestamp=595709489; rssi=-43; snr=7.0; sfrx=12; sftx=0; tx_trials=0; tx_power=14; tx_time_on_air=0; tx_counter=0; tx_frequency=0
0000;69;H=59;T=33;Hs=48.94906;sp=2;sf=7;rx_timestamp=615961438; rssi=-55; snr=6.0; sfrx=7; sftx=0; tx_trials=0; tx_power=14; tx_time_on_air=0; tx_counter=0; tx_frequency=0
0000;70;H=59;T=33;Hs=48.94906;sp=2;sf=12;rx_timestamp=638834766; rssi=-57; snr=10.0; sfrx=12; sftx=0; tx_trials=0; tx_power=14; tx_time_on_air=0; tx_counter=0; tx_frequency=0
0000;71;H=59;T=33;Hs=48.94906;sp=20;sf=7;rx_timestamp=658189440; rssi=-42; snr=6.0; sfrx=7; sftx=0; tx_trials=0; tx_power=14; tx_time_on_air=0; tx_counter=0; tx_frequency=0
0000;72;H=59;T=33;Hs=48.94906;sp=20;sf=12;rx_timestamp=681226400; rssi=-44; snr=7.0; sfrx=12; sftx=0; tx_trials=0; tx_power=14; tx_time_on_air=0; tx_counter=0; tx_frequency=0
0000;73;H=56;T=34;Hs=49.02031;sp=2;sf=7;rx_timestamp=701477341; rssi=-57; snr=6.0; sfrx=7; sftx=0; tx_trials=0; tx_power=14; tx_time_on_air=0; tx_counter=0; tx_frequency=0
0000;74;H=56;T=34;Hs=49.02031;sp=2;sf=12;rx_timestamp=724352657; rssi=-58; snr=10.0; sfrx=12; sftx=0; tx_trials=0; tx_power=14; tx_time_on_air=0; tx_counter=0; tx_frequency=0
0000;75;H=56;T=34;Hs=49.02031;sp=20;sf=7;rx_timestamp=743707333; rssi=-42; snr=6.0; sfrx=7; sftx=0; tx_trials=0; tx_power=14; tx_time_on_air=0; tx_counter=0; tx_frequency=0
0000;76;H=56;T=34;Hs=49.02031;sp=20;sf=12;rx_timestamp=766746284; rssi=-44; snr=7.0; sfrx=12; sftx=0; tx_trials=0; tx_power=14; tx_time_on_air=0; tx_counter=0; tx_frequency=0
0000;77;H=50;T=35;Hs=48.37905;sp=2;sf=7;rx_timestamp=787001228; rssi=-55; snr=6.0; sfrx=7; sftx=0; tx_trials=0; tx_power=14; tx_time_on_air=0; tx_counter=0; tx_frequency=0
0000;78;H=50;T=35;Hs=48.37905;sp=2;sf=12;rx_timestamp=809876540; rssi=-57; snr=9.0; sfrx=12; sftx=0; tx_trials=0; tx_power=14; tx_time_on_air=0; tx_counter=0; tx_frequency=0
0000;79;H=50;T=35;Hs=48.37905;sp=20;sf=7;rx_timestamp=829231201; rssi=-41; snr=7.0; sfrx=7; sftx=0; tx_trials=0; tx_power=14; tx_time_on_air=0; tx_counter=0; tx_frequency=0
0000;80;H=50;T=35;Hs=48.37905;sp=20;sf=12;rx_timestamp=852270150; rssi=-44; snr=7.0; sfrx=12; sftx=0; tx_trials=0; tx_power=14; tx_time_on_air=0; tx_counter=0; tx_frequency=0
0000;81;H=54;T=36;Hs=47.23905;sp=2;sf=7;rx_timestamp=872522083; rssi=-55; snr=6.0; sfrx=7; sftx=0; tx_trials=0; tx_power=14; tx_time_on_air=0; tx_counter=0; tx_frequency=0
0000;82;H=54;T=36;Hs=47.23905;sp=2;sf=12;rx_timestamp=895395392; rssi=-58; snr=9.0; sfrx=12; sftx=0; tx_trials=0; tx_power=14; tx_time_on_air=0; tx_counter=0; tx_frequency=0
0000;83;H=54;T=36;Hs=47.23905;sp=20;sf=7;rx_timestamp=914750057; rssi=-41; snr=6.0; sfrx=7; sftx=0; tx_trials=0; tx_power=14; tx_time_on_air=0; tx_counter=0; tx_frequency=0
0000;84;H=54;T=36;Hs=47.23905;sp=20;sf=12;rx_timestamp=937786989; rssi=-46; snr=7.0; sfrx=12; sftx=0; tx_trials=0; tx_power=14; tx_time_on_air=0; tx_counter=0; tx_frequency=0
0000;85;H=47;T=38;Hs=46.7403;sp=2;sf=7;rx_timestamp=958033910; rssi=-55; snr=6.0; sfrx=7; sftx=0; tx_trials=0; tx_power=14; tx_time_on_air=0; tx_counter=0; tx_frequency=0
0000;86;H=47;T=38;Hs=46.7403;sp=2;sf=12;rx_timestamp=980914187; rssi=-60; snr=10.0; sfrx=12; sftx=0; tx_trials=0; tx_power=14; tx_time_on_air=0; tx_counter=0; tx_frequency=0
0000;87;H=47;T=38;Hs=46.7403;sp=20;sf=7;rx_timestamp=1000268848; rssi=-42; snr=7.0; sfrx=7; sftx=0; tx_trials=0; tx_power=14; tx_time_on_air=0; tx_counter=0; tx_frequency=0
0000;88;H=47;T=38;Hs=46.7403;sp=20;sf=12;rx_timestamp=1023144144; rssi=-44; snr=7.0; sfrx=12; sftx=0; tx_trials=0; tx_power=14; tx_time_on_air=0; tx_counter=0; tx_frequency=0
0000;89;H=46;T=38;Hs=46.59779;sp=2;sf=7;rx_timestamp=1043562757; rssi=-55; snr=6.0; sfrx=7; sftx=0; tx_trials=0; tx_power=14; tx_time_on_air=0; tx_counter=0; tx_frequency=0
0000;90;H=46;T=38;Hs=46.59779;sp=2;sf=12;rx_timestamp=1066438053; rssi=-57; snr=10.0; sfrx=12; sftx=0; tx_trials=0; tx_power=14; tx_time_on_air=0; tx_counter=0; tx_frequency=0
0000;91;H=46;T=38;Hs=46.59779;sp=20;sf=7;rx_timestamp=1085792705; rssi=-42; snr=6.0; sfrx=7; sftx=0; tx_trials=0; tx_power=14; tx_time_on_air=0; tx_counter=0; tx_frequency=0
0000;92;H=46;T=38;Hs=46.59779;sp=20;sf=12;rx_timestamp=1108831643; rssi=-44; snr=7.0; sfrx=12; sftx=0; tx_trials=0; tx_power=14; tx_time_on_air=0; tx_counter=0; tx_frequency=0
0000;93;H=45;T=36;Hs=46.17029;sp=2;sf=7;rx_timestamp=1131174563; rssi=-57; snr=6.0; sfrx=7; sftx=0; tx_trials=0; tx_power=14; tx_time_on_air=0; tx_counter=0; tx_frequency=0
0000;94;H=45;T=36;Hs=46.17029;sp=2;sf=12;rx_timestamp=1154079857; rssi=-57; snr=10.0; sfrx=12; sftx=0; tx_trials=0; tx_power=14; tx_time_on_air=0; tx_counter=0; tx_frequency=0
0000;95;H=45;T=36;Hs=46.17029;sp=20;sf=7;rx_timestamp=1173434505; rssi=-42; snr=7.0; sfrx=7; sftx=0; tx_trials=0; tx_power=14; tx_time_on_air=0; tx_counter=0; tx_frequency=0
0000;96;H=45;T=36;Hs=46.17029;sp=20;sf=12;rx_timestamp=1196471440; rssi=-45; snr=7.0; sfrx=12; sftx=0; tx_trials=0; tx_power=14; tx_time_on_air=0; tx_counter=0; tx_frequency=0
0000;97;H=42;T=36;Hs=45.56466;sp=2;sf=7;rx_timestamp=1216722363; rssi=-55; snr=6.0; sfrx=7; sftx=0; tx_trials=0; tx_power=14; tx_time_on_air=0; tx_counter=0; tx_frequency=0
0000;98;H=42;T=36;Hs=45.56466;sp=2;sf=12;rx_timestamp=1239597661; rssi=-58; snr=10.0; sfrx=12; sftx=0; tx_trials=0; tx_power=14; tx_time_on_air=0; tx_counter=0; tx_frequency=0
0000;99;H=42;T=36;Hs=45.56466;sp=20;sf=7;rx_timestamp=1258952306; rssi=-42; snr=6.0; sfrx=7; sftx=0; tx_trials=0; tx_power=14; tx_time_on_air=0; tx_counter=0; tx_frequency=0
0000;100;H=42;T=36;Hs=45.56466;sp=20;sf=12;rx_timestamp=1281989280; rssi=-43; snr=7.0; sfrx=12; sftx=0; tx_trials=0; tx_power=14; tx_time_on_air=0; tx_counter=0; tx_frequency=0
0000;101;H=50;T=35;Hs=45.49341;sp=2;sf=7;rx_timestamp=1302244206; rssi=-55; snr=6.0; sfrx=7; sftx=0; tx_trials=0; tx_power=14; tx_time_on_air=0; tx_counter=0; tx_frequency=0
0000;102;H=50;T=35;Hs=45.49341;sp=2;sf=12;rx_timestamp=1325283145; rssi=-57; snr=9.0; sfrx=12; sftx=0; tx_trials=0; tx_power=14; tx_time_on_air=0; tx_counter=0; tx_frequency=0
0000;103;H=50;T=35;Hs=45.49341;sp=20;sf=7;rx_timestamp=1344474147; rssi=-42; snr=7.0; sfrx=7; sftx=0; tx_trials=0; tx_power=14; tx_time_on_air=0; tx_counter=0; tx_frequency=0
0000;104;H=50;T=35;Hs=45.49341;sp=20;sf=12;rx_timestamp=1367517079; rssi=-44; snr=6.0; sfrx=12; sftx=0; tx_trials=0; tx_power=14; tx_time_on_air=0; tx_counter=0; tx_frequency=0
0000;105;H=47;T=35;Hs=45.24404;sp=2;sf=7;rx_timestamp=1389860990; rssi=-57; snr=6.0; sfrx=7; sftx=0; tx_trials=0; tx_power=14; tx_time_on_air=0; tx_counter=0; tx_frequency=0
0000;106;H=47;T=35;Hs=45.24404;sp=2;sf=12;rx_timestamp=1412899918; rssi=-58; snr=10.0; sfrx=12; sftx=0; tx_trials=0; tx_power=14; tx_time_on_air=0; tx_counter=0; tx_frequency=0
0000;107;H=47;T=35;Hs=45.24404;sp=20;sf=7;rx_timestamp=1432092932; rssi=-42; snr=6.0; sfrx=7; sftx=0; tx_trials=0; tx_power=14; tx_time_on_air=0; tx_counter=0; tx_frequency=0
0000;108;H=47;T=35;Hs=45.24404;sp=20;sf=12;rx_timestamp=1455131855; rssi=-44; snr=7.0; sfrx=12; sftx=0; tx_trials=0; tx_power=14; tx_time_on_air=0; tx_counter=0; tx_frequency=0
0000;109;H=44;T=35;Hs=45.10153;sp=2;sf=7;rx_timestamp=1475386773; rssi=-55; snr=6.0; sfrx=7; sftx=0; tx_trials=0; tx_power=14; tx_time_on_air=0; tx_counter=0; tx_frequency=0
2024-06-28 12:22:27.281772;110;H=44;T=35;Hs=45.10153;sp=2;sf=12;rx_timestamp=1498426698; rssi=-59; snr=10.0; sfrx=12; sftx=0; tx_trials=0; tx_power=14; tx_time_on_air=0; tx_counter=0; tx_frequency=0
2024-06-28 12:22:46.356495;111;H=44;T=35;Hs=45.10153;sp=20;sf=7;rx_timestamp=1517619708; rssi=-42; snr=6.0; sfrx=7; sftx=0; tx_trials=0; tx_power=14; tx_time_on_air=0; tx_counter=0; tx_frequency=0
2024-06-28 12:23:09.801219;112;H=44;T=35;Hs=45.10153;sp=20;sf=12;rx_timestamp=1540662637; rssi=-43; snr=7.0; sfrx=12; sftx=0; tx_trials=0; tx_power=14; tx_time_on_air=0; tx_counter=0; tx_frequency=0
2024-06-28 12:23:29.356223;113;H=49;T=35;Hs=44.38903;sp=2;sf=7;rx_timestamp=1560917549; rssi=-55; snr=6.0; sfrx=7; sftx=0; tx_trials=0; tx_power=14; tx_time_on_air=0; tx_counter=0; tx_frequency=0
2024-06-28 12:23:52.794965;114;H=49;T=35;Hs=44.38903;sp=2;sf=12;rx_timestamp=1583959485; rssi=-59; snr=9.0; sfrx=12; sftx=0; tx_trials=0; tx_power=14; tx_time_on_air=0; tx_counter=0; tx_frequency=0
2024-06-28 12:24:12.289653;115;H=49;T=35;Hs=44.38903;sp=20;sf=7;rx_timestamp=1603152487; rssi=-42; snr=6.0; sfrx=7; sftx=0; tx_trials=0; tx_power=14; tx_time_on_air=0; tx_counter=0; tx_frequency=0
2024-06-28 12:24:35.338005;116;H=49;T=35;Hs=44.38903;sp=20;sf=12;rx_timestamp=1626192406; rssi=-43; snr=7.0; sfrx=12; sftx=0; tx_trials=0; tx_power=14; tx_time_on_air=0; tx_counter=0; tx_frequency=0
2024-06-28 12:24:55.291220;117;H=50;T=35;Hs=44.17528;sp=2;sf=7;rx_timestamp=1646448323; rssi=-55; snr=6.0; sfrx=7; sftx=0; tx_trials=0; tx_power=14; tx_time_on_air=0; tx_counter=0; tx_frequency=0
2024-06-28 12:25:19.391070;118;H=50;T=35;Hs=44.17528;sp=2;sf=12;rx_timestamp=1669490249; rssi=-57; snr=9.0; sfrx=12; sftx=0; tx_trials=0; tx_power=14; tx_time_on_air=0; tx_counter=0; tx_frequency=0
0000;119;H=50;T=35;Hs=44.17528;sp=20;sf=7;rx_timestamp=1688684258; rssi=-42; snr=6.0; sfrx=7; sftx=0; tx_trials=0; tx_power=14; tx_time_on_air=0; tx_counter=0; tx_frequency=0
2024-06-28 12:26:00.904522;120;H=50;T=35;Hs=44.17528;sp=20;sf=12;rx_timestamp=1711727175; rssi=-44; snr=7.0; sfrx=12; sftx=0; tx_trials=0; tx_power=14; tx_time_on_air=0; tx_counter=0; tx_frequency=0
0000;121;H=51;T=36;Hs=43.53403;sp=2;sf=7;rx_timestamp=1731985089; rssi=-57; snr=6.0; sfrx=7; sftx=0; tx_trials=0; tx_power=14; tx_time_on_air=0; tx_counter=0; tx_frequency=0
2024-06-28 12:26:43.872219;122;H=51;T=36;Hs=43.53403;sp=2;sf=12;rx_timestamp=1755025018; rssi=-58; snr=9.0; sfrx=12; sftx=0; tx_trials=0; tx_power=14; tx_time_on_air=0; tx_counter=0; tx_frequency=0
2024-06-28 12:27:03.367757;123;H=51;T=36;Hs=43.53403;sp=20;sf=7;rx_timestamp=1774223016; rssi=-42; snr=6.0; sfrx=7; sftx=0; tx_trials=0; tx_power=14; tx_time_on_air=0; tx_counter=0; tx_frequency=0
0000;124;H=51;T=36;Hs=43.53403;sp=20;sf=12;rx_timestamp=1797264943; rssi=-44; snr=6.0; sfrx=12; sftx=0; tx_trials=0; tx_power=14; tx_time_on_air=0; tx_counter=0; tx_frequency=0
0000;125;H=49;T=35;Hs=42.92839;sp=2;sf=7;rx_timestamp=1817542848; rssi=-55; snr=6.0; sfrx=7; sftx=0; tx_trials=0; tx_power=14; tx_time_on_air=0; tx_counter=0; tx_frequency=0
2024-06-28 12:28:09.830056;126;H=49;T=35;Hs=42.92839;sp=2;sf=12;rx_timestamp=1840586771; rssi=-58; snr=10.0; sfrx=12; sftx=0; tx_trials=0; tx_power=14; tx_time_on_air=0; tx_counter=0; tx_frequency=0
2024-06-28 12:28:28.828438;127;H=49;T=35;Hs=42.92839;sp=20;sf=7;rx_timestamp=1859779779; rssi=-42; snr=6.0; sfrx=7; sftx=0; tx_trials=0; tx_power=14; tx_time_on_air=0; tx_counter=0; tx_frequency=0
0000;128;H=49;T=35;Hs=42.92839;sp=20;sf=12;rx_timestamp=1882819700; rssi=-44; snr=6.0; sfrx=12; sftx=0; tx_trials=0; tx_power=14; tx_time_on_air=0; tx_counter=0; tx_frequency=0
2024-06-28 12:29:16.322143;129;H=43;T=37;Hs=43.17777;sp=2;sf=7;rx_timestamp=1907274594; rssi=-55; snr=6.0; sfrx=7; sftx=0; tx_trials=0; tx_power=14; tx_time_on_air=0; tx_counter=0; tx_frequency=0
2024-06-28 12:29:39.361553;130;H=43;T=37;Hs=43.17777;sp=2;sf=12;rx_timestamp=1930315513; rssi=-58; snr=9.0; sfrx=12; sftx=0; tx_trials=0; tx_power=14; tx_time_on_air=0; tx_counter=0; tx_frequency=0
0000;131;H=43;T=37;Hs=43.17777;sp=20;sf=7;rx_timestamp=1949509526; rssi=-42; snr=7.0; sfrx=7; sftx=0; tx_trials=0; tx_power=14; tx_time_on_air=0; tx_counter=0; tx_frequency=0
0000;132;H=43;T=37;Hs=43.17777;sp=20;sf=12;rx_timestamp=1972549431; rssi=-44; snr=6.0; sfrx=12; sftx=0; tx_trials=0; tx_power=14; tx_time_on_air=0; tx_counter=0; tx_frequency=0
0000;133;H=43;T=37;Hs=42.35839;sp=2;sf=7;rx_timestamp=1992806348; rssi=-54; snr=6.0; sfrx=7; sftx=0; tx_trials=0; tx_power=14; tx_time_on_air=0; tx_counter=0; tx_frequency=0
0000;134;H=43;T=37;Hs=42.35839;sp=2;sf=12;rx_timestamp=2015850266; rssi=-65; snr=9.0; sfrx=12; sftx=0; tx_trials=0; tx_power=14; tx_time_on_air=0; tx_counter=0; tx_frequency=0
2024-06-28 12:31:23.790224;135;H=43;T=37;Hs=42.35839;sp=20;sf=7;rx_timestamp=2035044263; rssi=-42; snr=6.0; sfrx=7; sftx=0; tx_trials=0; tx_power=14; tx_time_on_air=0; tx_counter=0; tx_frequency=0
2024-06-28 12:31:46.835995;136;H=43;T=37;Hs=42.35839;sp=20;sf=12;rx_timestamp=2058088178; rssi=-45; snr=6.0; sfrx=12; sftx=0; tx_trials=0; tx_power=14; tx_time_on_air=0; tx_counter=0; tx_frequency=0
2024-06-28 12:32:07.292536;137;H=44;T=38;Hs=42.00214;sp=2;sf=7;rx_timestamp=2078346081; rssi=-55; snr=5.0; sfrx=7; sftx=0; tx_trials=0; tx_power=14; tx_time_on_air=0; tx_counter=0; tx_frequency=0
2024-06-28 12:32:29.834868;138;H=44;T=38;Hs=42.00214;sp=2;sf=12;rx_timestamp=2101386003; rssi=-59; snr=9.0; sfrx=12; sftx=0; tx_trials=0; tx_power=14; tx_time_on_air=0; tx_counter=0; tx_frequency=0
0000;139;H=44;T=38;Hs=42.00214;sp=20;sf=7;rx_timestamp=2120578994; rssi=-42; snr=6.0; sfrx=7; sftx=0; tx_trials=0; tx_power=14; tx_time_on_air=0; tx_counter=0; tx_frequency=0
2024-06-28 12:33:12.480124;140;H=44;T=38;Hs=42.00214;sp=20;sf=12;rx_timestamp=2143633912; rssi=-44; snr=7.0; sfrx=12; sftx=0; tx_trials=0; tx_power=14; tx_time_on_air=0; tx_counter=0; tx_frequency=0
2024-06-28 12:33:32.460129;141;H=43;T=40;Hs=41.75276;sp=2;sf=7;rx_timestamp=2163888822; rssi=-57; snr=6.0; sfrx=7; sftx=0; tx_trials=0; tx_power=14; tx_time_on_air=0; tx_counter=0; tx_frequency=0
2024-06-28 12:33:55.380880;142;H=43;T=40;Hs=41.75276;sp=2;sf=12;rx_timestamp=2186929744; rssi=-58; snr=9.0; sfrx=12; sftx=0; tx_trials=0; tx_power=14; tx_time_on_air=0; tx_counter=0; tx_frequency=0
2024-06-28 12:34:14.878945;143;H=43;T=40;Hs=41.75276;sp=20;sf=7;rx_timestamp=2206125731; rssi=-42; snr=7.0; sfrx=7; sftx=0; tx_trials=0; tx_power=14; tx_time_on_air=0; tx_counter=0; tx_frequency=0
2024-06-28 12:34:37.816331;144;H=43;T=40;Hs=41.75276;sp=20;sf=12;rx_timestamp=2229165645; rssi=-44; snr=7.0; sfrx=12; sftx=0; tx_trials=0; tx_power=14; tx_time_on_air=0; tx_counter=0; tx_frequency=0
2024-06-28 12:34:58.378841;145;H=38;T=41;Hs=41.43214;sp=2;sf=7;rx_timestamp=2249425547; rssi=-57; snr=6.0; sfrx=7; sftx=0; tx_trials=0; tx_power=14; tx_time_on_air=0; tx_counter=0; tx_frequency=0
2024-06-28 12:35:22.320239;146;H=38;T=41;Hs=41.43214;sp=2;sf=12;rx_timestamp=2272467462; rssi=-60; snr=9.0; sfrx=12; sftx=0; tx_trials=0; tx_power=14; tx_time_on_air=0; tx_counter=0; tx_frequency=0
2024-06-28 12:35:40.317536;147;H=38;T=41;Hs=41.43214;sp=20;sf=7;rx_timestamp=2291661459; rssi=-43; snr=6.0; sfrx=7; sftx=0; tx_trials=0; tx_power=14; tx_time_on_air=0; tx_counter=0; tx_frequency=0
2024-06-28 12:36:03.856852;148;H=38;T=41;Hs=41.43214;sp=20;sf=12;rx_timestamp=2314705374; rssi=-44; snr=7.0; sfrx=12; sftx=0; tx_trials=0; tx_power=14; tx_time_on_air=0; tx_counter=0; tx_frequency=0
2024-06-28 12:36:23.314156;149;H=36;T=40;Hs=40.89776;sp=2;sf=7;rx_timestamp=2334960269; rssi=-55; snr=6.0; sfrx=7; sftx=0; tx_trials=0; tx_power=14; tx_time_on_air=0; tx_counter=0; tx_frequency=0
2024-06-28 12:36:46.352167;150;H=36;T=40;Hs=40.89776;sp=2;sf=12;rx_timestamp=2358000181; rssi=-59; snr=9.0; sfrx=12; sftx=0; tx_trials=0; tx_power=14; tx_time_on_air=0; tx_counter=0; tx_frequency=0
2024-06-28 12:37:05.851566;151;H=36;T=40;Hs=40.89776;sp=20;sf=7;rx_timestamp=2377196175; rssi=-42; snr=6.0; sfrx=7; sftx=0; tx_trials=0; tx_power=14; tx_time_on_air=0; tx_counter=0; tx_frequency=0
2024-06-28 12:37:29.293350;152;H=36;T=40;Hs=40.89776;sp=20;sf=12;rx_timestamp=2400237084; rssi=-44; snr=6.0; sfrx=12; sftx=0; tx_trials=0; tx_power=14; tx_time_on_air=0; tx_counter=0; tx_frequency=0
2024-06-28 12:37:49.349563;153;H=38;T=40;Hs=40.47025;sp=2;sf=7;rx_timestamp=2420493977; rssi=-57; snr=6.0; sfrx=7; sftx=0; tx_trials=0; tx_power=14; tx_time_on_air=0; tx_counter=0; tx_frequency=0
2024-06-28 12:38:12.289191;154;H=38;T=40;Hs=40.47025;sp=2;sf=12;rx_timestamp=2443535891; rssi=-58; snr=9.0; sfrx=12; sftx=0; tx_trials=0; tx_power=14; tx_time_on_air=0; tx_counter=0; tx_frequency=0
2024-06-28 12:38:31.288881;155;H=38;T=40;Hs=40.47025;sp=20;sf=7;rx_timestamp=2462731880; rssi=-42; snr=6.0; sfrx=7; sftx=0; tx_trials=0; tx_power=14; tx_time_on_air=0; tx_counter=0; tx_frequency=0
2024-06-28 12:38:54.326221;156;H=38;T=40;Hs=40.47025;sp=20;sf=12;rx_timestamp=2485775784; rssi=-44; snr=7.0; sfrx=12; sftx=0; tx_trials=0; tx_power=14; tx_time_on_air=0; tx_counter=0; tx_frequency=0
2024-06-28 12:39:16.783888;157;H=40;T=40;Hs=40.43463;sp=2;sf=7;rx_timestamp=2508129691; rssi=-57; snr=6.0; sfrx=7; sftx=0; tx_trials=0; tx_power=14; tx_time_on_air=0; tx_counter=0; tx_frequency=0
2024-06-28 12:39:40.326288;158;H=40;T=40;Hs=40.43463;sp=2;sf=12;rx_timestamp=2531171597; rssi=-58; snr=9.0; sfrx=12; sftx=0; tx_trials=0; tx_power=14; tx_time_on_air=0; tx_counter=0; tx_frequency=0
2024-06-28 12:39:58.823349;159;H=40;T=40;Hs=40.43463;sp=20;sf=7;rx_timestamp=2550366579; rssi=-43; snr=7.0; sfrx=7; sftx=0; tx_trials=0; tx_power=14; tx_time_on_air=0; tx_counter=0; tx_frequency=0
2024-06-28 12:40:21.859030;160;H=40;T=40;Hs=40.43463;sp=20;sf=12;rx_timestamp=2573407490; rssi=-44; snr=6.0; sfrx=12; sftx=0; tx_trials=0; tx_power=14; tx_time_on_air=0; tx_counter=0; tx_frequency=0
2024-06-28 12:40:42.818090;161;H=36;T=40;Hs=40.22088;sp=2;sf=7;rx_timestamp=2593662376; rssi=-57; snr=6.0; sfrx=7; sftx=0; tx_trials=0; tx_power=14; tx_time_on_air=0; tx_counter=0; tx_frequency=0
2024-06-28 12:41:05.858933;162;H=36;T=40;Hs=40.22088;sp=2;sf=12;rx_timestamp=2616704284; rssi=-59; snr=9.0; sfrx=12; sftx=0; tx_trials=0; tx_power=14; tx_time_on_air=0; tx_counter=0; tx_frequency=0
2024-06-28 12:41:24.355266;163;H=36;T=40;Hs=40.22088;sp=20;sf=7;rx_timestamp=2635898275; rssi=-42; snr=6.0; sfrx=7; sftx=0; tx_trials=0; tx_power=14; tx_time_on_air=0; tx_counter=0; tx_frequency=0
2024-06-28 12:41:47.288859;164;H=36;T=40;Hs=40.22088;sp=20;sf=12;rx_timestamp=2658938183; rssi=-44; snr=7.0; sfrx=12; sftx=0; tx_trials=0; tx_power=14; tx_time_on_air=0; tx_counter=0; tx_frequency=0
2024-06-28 12:42:09.858278;165;H=38;T=41;Hs=39.6865;sp=2;sf=7;rx_timestamp=2681298040; rssi=-57; snr=6.0; sfrx=7; sftx=0; tx_trials=0; tx_power=14; tx_time_on_air=0; tx_counter=0; tx_frequency=0
2024-06-28 12:42:32.836552;166;H=38;T=41;Hs=39.6865;sp=2;sf=12;rx_timestamp=2704174305; rssi=-59; snr=9.0; sfrx=12; sftx=0; tx_trials=0; tx_power=14; tx_time_on_air=0; tx_counter=0; tx_frequency=0
2024-06-28 12:42:51.801910;167;H=38;T=41;Hs=39.6865;sp=20;sf=7;rx_timestamp=2723539926; rssi=-42; snr=6.0; sfrx=7; sftx=0; tx_trials=0; tx_power=14; tx_time_on_air=0; tx_counter=0; tx_frequency=0
2024-06-28 12:43:15.842984;168;H=38;T=41;Hs=39.6865;sp=20;sf=12;rx_timestamp=2746582831; rssi=-44; snr=7.0; sfrx=12; sftx=0; tx_trials=0; tx_power=14; tx_time_on_air=0; tx_counter=0; tx_frequency=0
2024-06-28 12:43:35.807150;169;H=36;T=41;Hs=39.33025;sp=2;sf=7;rx_timestamp=2766837778; rssi=-57; snr=6.0; sfrx=7; sftx=0; tx_trials=0; tx_power=14; tx_time_on_air=0; tx_counter=0; tx_frequency=0
2024-06-28 12:43:58.470311;170;H=36;T=41;Hs=39.33025;sp=2;sf=12;rx_timestamp=2789882684; rssi=-59; snr=9.0; sfrx=12; sftx=0; tx_trials=0; tx_power=14; tx_time_on_air=0; tx_counter=0; tx_frequency=0
2024-06-28 12:44:17.986855;171;H=36;T=41;Hs=39.33025;sp=20;sf=7;rx_timestamp=2809075671; rssi=-42; snr=7.0; sfrx=7; sftx=0; tx_trials=0; tx_power=14; tx_time_on_air=0; tx_counter=0; tx_frequency=0
2024-06-28 12:44:40.880317;172;H=36;T=41;Hs=39.33025;sp=20;sf=12;rx_timestamp=2832116576; rssi=-44; snr=7.0; sfrx=12; sftx=0; tx_trials=0; tx_power=14; tx_time_on_air=0; tx_counter=0; tx_frequency=0
2024-06-28 12:45:03.502829;173;H=45;T=37;Hs=39.36587;sp=2;sf=7;rx_timestamp=2854480458; rssi=-57; snr=6.0; sfrx=7; sftx=0; tx_trials=0; tx_power=14; tx_time_on_air=0; tx_counter=0; tx_frequency=0
2024-06-28 12:45:26.381607;174;H=45;T=37;Hs=39.36587;sp=2;sf=12;rx_timestamp=2877521371; rssi=-58; snr=9.0; sfrx=12; sftx=0; tx_trials=0; tx_power=14; tx_time_on_air=0; tx_counter=0; tx_frequency=0
2024-06-28 12:45:45.871501;175;H=45;T=37;Hs=39.36587;sp=20;sf=7;rx_timestamp=2896716351; rssi=-42; snr=7.0; sfrx=7; sftx=0; tx_trials=0; tx_power=14; tx_time_on_air=0; tx_counter=0; tx_frequency=0
2024-06-28 12:46:08.315265;176;H=45;T=37;Hs=39.36587;sp=20;sf=12;rx_timestamp=2919759256; rssi=-45; snr=7.0; sfrx=12; sftx=0; tx_trials=0; tx_power=14; tx_time_on_air=0; tx_counter=0; tx_frequency=0
2024-06-28 12:46:28.987476;177;H=43;T=37;Hs=38.61774;sp=2;sf=7;rx_timestamp=2940016164; rssi=-57; snr=7.0; sfrx=7; sftx=0; tx_trials=0; tx_power=14; tx_time_on_air=0; tx_counter=0; tx_frequency=0
2024-06-28 12:46:51.315869;178;H=43;T=37;Hs=38.61774;sp=2;sf=12;rx_timestamp=2963057070; rssi=-58; snr=9.0; sfrx=12; sftx=0; tx_trials=0; tx_power=14; tx_time_on_air=0; tx_counter=0; tx_frequency=0
2024-06-28 12:47:10.978468;179;H=43;T=37;Hs=38.61774;sp=20;sf=7;rx_timestamp=2982252053; rssi=-42; snr=6.0; sfrx=7; sftx=0; tx_trials=0; tx_power=14; tx_time_on_air=0; tx_counter=0; tx_frequency=0
2024-06-28 12:47:33.852769;180;H=43;T=37;Hs=38.61774;sp=20;sf=12;rx_timestamp=3005294966; rssi=-44; snr=7.0; sfrx=12; sftx=0; tx_trials=0; tx_power=14; tx_time_on_air=0; tx_counter=0; tx_frequency=0
2024-06-28 12:47:56.814009;181;H=45;T=36;Hs=38.93837;sp=2;sf=7;rx_timestamp=3027655859; rssi=-57; snr=6.0; sfrx=7; sftx=0; tx_trials=0; tx_power=14; tx_time_on_air=0; tx_counter=0; tx_frequency=0
2024-06-28 12:48:19.858704;182;H=45;T=36;Hs=38.93837;sp=2;sf=12;rx_timestamp=3050698760; rssi=-59; snr=9.0; sfrx=12; sftx=0; tx_trials=0; tx_power=14; tx_time_on_air=0; tx_counter=0; tx_frequency=0
2024-06-28 12:48:38.858663;183;H=45;T=36;Hs=38.93837;sp=20;sf=7;rx_timestamp=3069893750; rssi=-42; snr=6.0; sfrx=7; sftx=0; tx_trials=0; tx_power=14; tx_time_on_air=0; tx_counter=0; tx_frequency=0
2024-06-28 12:49:01.302634;184;H=45;T=36;Hs=38.93837;sp=20;sf=12;rx_timestamp=3092936653; rssi=-45; snr=7.0; sfrx=12; sftx=0; tx_trials=0; tx_power=14; tx_time_on_air=0; tx_counter=0; tx_frequency=0
2024-06-28 12:49:22.357149;185;H=43;T=36;Hs=38.51086;sp=2;sf=7;rx_timestamp=3113191553; rssi=-55; snr=6.0; sfrx=7; sftx=0; tx_trials=0; tx_power=14; tx_time_on_air=0; tx_counter=0; tx_frequency=0
2024-06-28 12:49:44.798007;186;H=43;T=36;Hs=38.51086;sp=2;sf=12;rx_timestamp=3136232462; rssi=-59; snr=9.0; sfrx=12; sftx=0; tx_trials=0; tx_power=14; tx_time_on_air=0; tx_counter=0; tx_frequency=0
2024-06-28 12:50:04.336835;187;H=43;T=36;Hs=38.51086;sp=20;sf=7;rx_timestamp=3155475439; rssi=-43; snr=7.0; sfrx=7; sftx=0; tx_trials=0; tx_power=14; tx_time_on_air=0; tx_counter=0; tx_frequency=0
2024-06-28 12:50:26.878831;188;H=43;T=36;Hs=38.51086;sp=20;sf=12;rx_timestamp=3178516353; rssi=-44; snr=7.0; sfrx=12; sftx=0; tx_trials=0; tx_power=14; tx_time_on_air=0; tx_counter=0; tx_frequency=0
2024-06-28 12:50:49.468549;189;H=45;T=37;Hs=38.04774;sp=2;sf=7;rx_timestamp=3200868236; rssi=-57; snr=6.0; sfrx=7; sftx=0; tx_trials=0; tx_power=14; tx_time_on_air=0; tx_counter=0; tx_frequency=0
2024-06-28 12:51:12.870871;190;H=45;T=37;Hs=38.04774;sp=2;sf=12;rx_timestamp=3223912140; rssi=-59; snr=9.0; sfrx=12; sftx=0; tx_trials=0; tx_power=14; tx_time_on_air=0; tx_counter=0; tx_frequency=0
2024-06-28 12:51:31.895963;191;H=45;T=37;Hs=38.04774;sp=20;sf=7;rx_timestamp=3243107126; rssi=-42; snr=7.0; sfrx=7; sftx=0; tx_trials=0; tx_power=14; tx_time_on_air=0; tx_counter=0; tx_frequency=0
2024-06-28 12:51:54.812884;192;H=45;T=37;Hs=38.04774;sp=20;sf=12;rx_timestamp=3266152038; rssi=-44; snr=7.0; sfrx=12; sftx=0; tx_trials=0; tx_power=14; tx_time_on_air=0; tx_counter=0; tx_frequency=0
2024-06-28 12:52:15.371558;193;H=42;T=37;Hs=37.97649;sp=2;sf=7;rx_timestamp=3286407933; rssi=-55; snr=6.0; sfrx=7; sftx=0; tx_trials=0; tx_power=14; tx_time_on_air=0; tx_counter=0; tx_frequency=0
2024-06-28 12:52:38.317007;194;H=42;T=37;Hs=37.97649;sp=2;sf=12;rx_timestamp=3309448842; rssi=-60; snr=9.0; sfrx=12; sftx=0; tx_trials=0; tx_power=14; tx_time_on_air=0; tx_counter=0; tx_frequency=0
2024-06-28 12:52:57.313107;195;H=42;T=37;Hs=37.97649;sp=20;sf=7;rx_timestamp=3328643818; rssi=-42; snr=6.0; sfrx=7; sftx=0; tx_trials=0; tx_power=14; tx_time_on_air=0; tx_counter=0; tx_frequency=0
2024-06-28 12:53:20.355541;196;H=42;T=37;Hs=37.97649;sp=20;sf=12;rx_timestamp=3351684721; rssi=-44; snr=7.0; sfrx=12; sftx=0; tx_trials=0; tx_power=14; tx_time_on_air=0; tx_counter=0; tx_frequency=0
2024-06-28 12:53:40.804030;197;H=42;T=38;Hs=37.47773;sp=2;sf=7;rx_timestamp=3371942620; rssi=-57; snr=6.0; sfrx=7; sftx=0; tx_trials=0; tx_power=14; tx_time_on_air=0; tx_counter=0; tx_frequency=0
2024-06-28 12:54:03.348449;198;H=42;T=38;Hs=37.47773;sp=2;sf=12;rx_timestamp=3394985520; rssi=-59; snr=9.0; sfrx=12; sftx=0; tx_trials=0; tx_power=14; tx_time_on_air=0; tx_counter=0; tx_frequency=0
2024-06-28 12:54:23.347773;199;H=42;T=38;Hs=37.47773;sp=20;sf=7;rx_timestamp=3414180507; rssi=-42; snr=6.0; sfrx=7; sftx=0; tx_trials=0; tx_power=14; tx_time_on_air=0; tx_counter=0; tx_frequency=0
2024-06-28 12:54:45.890426;200;H=42;T=38;Hs=37.47773;sp=20;sf=12;rx_timestamp=3437221404; rssi=-44; snr=6.0; sfrx=12; sftx=0; tx_trials=0; tx_power=14; tx_time_on_air=0; tx_counter=0; tx_frequency=0
2024-06-28 12:55:06.347994;201;H=41;T=40;Hs=37.12148;sp=2;sf=7;rx_timestamp=3457478296; rssi=-57; snr=6.0; sfrx=7; sftx=0; tx_trials=0; tx_power=14; tx_time_on_air=0; tx_counter=0; tx_frequency=0
2024-06-28 12:55:29.391660;202;H=41;T=40;Hs=37.12148;sp=2;sf=12;rx_timestamp=3480521216; rssi=-58; snr=9.0; sfrx=12; sftx=0; tx_trials=0; tx_power=14; tx_time_on_air=0; tx_counter=0; tx_frequency=0
2024-06-28 12:55:48.383165;203;H=41;T=40;Hs=37.12148;sp=20;sf=7;rx_timestamp=3499716191; rssi=-43; snr=6.0; sfrx=7; sftx=0; tx_trials=0; tx_power=14; tx_time_on_air=0; tx_counter=0; tx_frequency=0
2024-06-28 12:56:11.325390;204;H=41;T=40;Hs=37.12148;sp=20;sf=12;rx_timestamp=3522759099; rssi=-43; snr=7.0; sfrx=12; sftx=0; tx_trials=0; tx_power=14; tx_time_on_air=0; tx_counter=0; tx_frequency=0
2024-06-28 12:56:31.380068;205;H=36;T=40;Hs=37.44211;sp=2;sf=7;rx_timestamp=3543013984; rssi=-57; snr=6.0; sfrx=7; sftx=0; tx_trials=0; tx_power=14; tx_time_on_air=0; tx_counter=0; tx_frequency=0
2024-06-28 12:56:54.324611;206;H=36;T=40;Hs=37.44211;sp=2;sf=12;rx_timestamp=3566056888; rssi=-60; snr=9.0; sfrx=12; sftx=0; tx_trials=0; tx_power=14; tx_time_on_air=0; tx_counter=0; tx_frequency=0
2024-06-28 12:57:14.329590;207;H=36;T=40;Hs=37.44211;sp=20;sf=7;rx_timestamp=3585249871; rssi=-42; snr=6.0; sfrx=7; sftx=0; tx_trials=0; tx_power=14; tx_time_on_air=0; tx_counter=0; tx_frequency=0
2024-06-28 12:57:37.360376;208;H=36;T=40;Hs=37.44211;sp=20;sf=12;rx_timestamp=3608290776; rssi=-44; snr=6.0; sfrx=12; sftx=0; tx_trials=0; tx_power=14; tx_time_on_air=0; tx_counter=0; tx_frequency=0
2024-06-28 12:57:59.324307;209;H=42;T=37;Hs=37.19273;sp=2;sf=7;rx_timestamp=3630652672; rssi=-55; snr=6.0; sfrx=7; sftx=0; tx_trials=0; tx_power=14; tx_time_on_air=0; tx_counter=0; tx_frequency=0
2024-06-28 12:58:22.470604;210;H=42;T=37;Hs=37.19273;sp=2;sf=12;rx_timestamp=3653693577; rssi=-59; snr=9.0; sfrx=12; sftx=0; tx_trials=0; tx_power=14; tx_time_on_air=0; tx_counter=0; tx_frequency=0
2024-06-28 12:58:41.359991;211;H=42;T=37;Hs=37.19273;sp=20;sf=7;rx_timestamp=3672888556; rssi=-43; snr=7.0; sfrx=7; sftx=0; tx_trials=0; tx_power=14; tx_time_on_air=0; tx_counter=0; tx_frequency=0
2024-06-28 12:59:04.300171;212;H=42;T=37;Hs=37.19273;sp=20;sf=12;rx_timestamp=3695933455; rssi=-44; snr=7.0; sfrx=12; sftx=0; tx_trials=0; tx_power=14; tx_time_on_air=0; tx_counter=0; tx_frequency=0
2024-06-28 12:59:24.860544;213;H=40;T=37;Hs=36.5871;sp=2;sf=7;rx_timestamp=3716188305; rssi=-57; snr=6.0; sfrx=7; sftx=0; tx_trials=0; tx_power=14; tx_time_on_air=0; tx_counter=0; tx_frequency=0
2024-06-28 12:59:47.339707;214;H=40;T=37;Hs=36.5871;sp=2;sf=12;rx_timestamp=3739067569; rssi=-58; snr=9.0; sfrx=12; sftx=0; tx_trials=0; tx_power=14; tx_time_on_air=0; tx_counter=0; tx_frequency=0
2024-06-28 13:00:06.990983;215;H=40;T=37;Hs=36.5871;sp=20;sf=7;rx_timestamp=3758426192; rssi=-42; snr=7.0; sfrx=7; sftx=0; tx_trials=0; tx_power=14; tx_time_on_air=0; tx_counter=0; tx_frequency=0
2024-06-28 13:00:29.994504;216;H=40;T=37;Hs=36.5871;sp=20;sf=12;rx_timestamp=3781467099; rssi=-44; snr=7.0; sfrx=12; sftx=0; tx_trials=0; tx_power=14; tx_time_on_air=0; tx_counter=0; tx_frequency=0
2024-06-28 13:00:50.399657;217;H=43;T=36;Hs=36.48023;sp=2;sf=7;rx_timestamp=3801724044; rssi=-57; snr=6.0; sfrx=7; sftx=0; tx_trials=0; tx_power=14; tx_time_on_air=0; tx_counter=0; tx_frequency=0
2024-06-28 13:01:13.507870;218;H=43;T=36;Hs=36.48023;sp=2;sf=12;rx_timestamp=3824764936; rssi=-59; snr=9.0; sfrx=12; sftx=0; tx_trials=0; tx_power=14; tx_time_on_air=0; tx_counter=0; tx_frequency=0
2024-06-28 13:01:32.480663;219;H=43;T=36;Hs=36.48023;sp=20;sf=7;rx_timestamp=3843959925; rssi=-42; snr=6.0; sfrx=7; sftx=0; tx_trials=0; tx_power=14; tx_time_on_air=0; tx_counter=0; tx_frequency=0
2024-06-28 13:01:55.873896;220;H=43;T=36;Hs=36.48023;sp=20;sf=12;rx_timestamp=3867002831; rssi=-44; snr=7.0; sfrx=12; sftx=0; tx_trials=0; tx_power=14; tx_time_on_air=0; tx_counter=0; tx_frequency=0
2024-06-28 13:02:15.838131;221;H=44;T=36;Hs=36.23085;sp=2;sf=7;rx_timestamp=3887259715; rssi=-55; snr=6.0; sfrx=7; sftx=0; tx_trials=0; tx_power=14; tx_time_on_air=0; tx_counter=0; tx_frequency=0
2024-06-28 13:02:38.879421;222;H=44;T=36;Hs=36.23085;sp=2;sf=12;rx_timestamp=3910300622; rssi=-59; snr=9.0; sfrx=12; sftx=0; tx_trials=0; tx_power=14; tx_time_on_air=0; tx_counter=0; tx_frequency=0
2024-06-28 13:02:57.874751;223;H=44;T=36;Hs=36.23085;sp=20;sf=7;rx_timestamp=3929495607; rssi=-43; snr=6.0; sfrx=7; sftx=0; tx_trials=0; tx_power=14; tx_time_on_air=0; tx_counter=0; tx_frequency=0
2024-06-28 13:03:20.812817;224;H=44;T=36;Hs=36.23085;sp=20;sf=12;rx_timestamp=3952538505; rssi=-45; snr=6.0; sfrx=12; sftx=0; tx_trials=0; tx_power=14; tx_time_on_air=0; tx_counter=0; tx_frequency=0
2024-06-28 13:03:41.373285;225;H=43;T=36;Hs=36.55148;sp=2;sf=7;rx_timestamp=3972793401; rssi=-55; snr=6.0; sfrx=7; sftx=0; tx_trials=0; tx_power=14; tx_time_on_air=0; tx_counter=0; tx_frequency=0
2024-06-28 13:04:04.313087;226;H=43;T=36;Hs=36.55148;sp=2;sf=12;rx_timestamp=3995838305; rssi=-58; snr=9.0; sfrx=12; sftx=0; tx_trials=0; tx_power=14; tx_time_on_air=0; tx_counter=0; tx_frequency=0
2024-06-28 13:04:23.807057;227;H=43;T=36;Hs=36.55148;sp=20;sf=7;rx_timestamp=4015031288; rssi=-43; snr=7.0; sfrx=7; sftx=0; tx_trials=0; tx_power=14; tx_time_on_air=0; tx_counter=0; tx_frequency=0
2024-06-28 13:04:46.844002;228;H=43;T=36;Hs=36.55148;sp=20;sf=12;rx_timestamp=4038074188; rssi=-45; snr=7.0; sfrx=12; sftx=0; tx_trials=0; tx_power=14; tx_time_on_air=0; tx_counter=0; tx_frequency=0
2024-06-28 13:05:13.383568;229;H=37;T=38;Hs=35.8746;sp=2;sf=7;rx_timestamp=4064611011; rssi=-57; snr=6.0; sfrx=7; sftx=0; tx_trials=0; tx_power=14; tx_time_on_air=0; tx_counter=0; tx_frequency=0
2024-06-28 13:05:36.363911;230;H=37;T=38;Hs=35.8746;sp=2;sf=12;rx_timestamp=4087488274; rssi=-58; snr=9.0; sfrx=12; sftx=0; tx_trials=0; tx_power=14; tx_time_on_air=0; tx_counter=0; tx_frequency=0
2024-06-28 13:05:55.337708;231;H=37;T=38;Hs=35.8746;sp=20;sf=7;rx_timestamp=4106861904; rssi=-43; snr=6.0; sfrx=7; sftx=0; tx_trials=0; tx_power=14; tx_time_on_air=0; tx_counter=0; tx_frequency=0
2024-06-28 13:06:18.383522;232;H=37;T=38;Hs=35.8746;sp=20;sf=12;rx_timestamp=4129902804; rssi=-44; snr=7.0; sfrx=12; sftx=0; tx_trials=0; tx_power=14; tx_time_on_air=0; tx_counter=0; tx_frequency=0
2024-06-28 13:06:39.337035;233;H=38;T=38;Hs=35.66084;sp=2;sf=7;rx_timestamp=4150159736; rssi=-57; snr=6.0; sfrx=7; sftx=0; tx_trials=0; tx_power=14; tx_time_on_air=0; tx_counter=0; tx_frequency=0
2024-06-28 13:07:01.982108;234;H=38;T=38;Hs=35.66084;sp=2;sf=12;rx_timestamp=4173202640; rssi=-59; snr=9.0; sfrx=12; sftx=0; tx_trials=0; tx_power=14; tx_time_on_air=0; tx_counter=0; tx_frequency=0
2024-06-28 13:07:22.361473;235;H=38;T=38;Hs=35.66084;sp=20;sf=7;rx_timestamp=4192396622; rssi=-43; snr=7.0; sfrx=7; sftx=0; tx_trials=0; tx_power=14; tx_time_on_air=0; tx_counter=0; tx_frequency=0
2024-06-28 13:08:06.371947;237;H=43;T=37;Hs=35.26897;sp=2;sf=7;rx_timestamp=4237789408; rssi=-57; snr=6.0; sfrx=7; sftx=0; tx_trials=0; tx_power=14; tx_time_on_air=0; tx_counter=0; tx_frequency=0
2024-06-28 13:08:29.310740;238;H=43;T=37;Hs=35.26897;sp=2;sf=12;rx_timestamp=4260832311; rssi=-58; snr=9.0; sfrx=12; sftx=0; tx_trials=0; tx_power=14; tx_time_on_air=0; tx_counter=0; tx_frequency=0
2024-06-28 13:08:48.902821;239;H=43;T=37;Hs=35.26897;sp=20;sf=7;rx_timestamp=4280025288; rssi=-43; snr=6.0; sfrx=7; sftx=0; tx_trials=0; tx_power=14; tx_time_on_air=0; tx_counter=0; tx_frequency=0
2024-06-28 13:09:11.841082;240;H=43;T=37;Hs=35.26897;sp=20;sf=12;rx_timestamp=8098895; rssi=-44; snr=7.0; sfrx=12; sftx=0; tx_trials=0; tx_power=14; tx_time_on_air=0; tx_counter=0; tx_frequency=0
2024-06-28 13:09:31.897235;241;H=41;T=37;Hs=35.23335;sp=2;sf=7;rx_timestamp=28355795; rssi=-57; snr=5.0; sfrx=7; sftx=0; tx_trials=0; tx_power=14; tx_time_on_air=0; tx_counter=0; tx_frequency=0
2024-06-28 13:09:54.841594;242;H=41;T=37;Hs=35.23335;sp=2;sf=12;rx_timestamp=51398697; rssi=-59; snr=9.0; sfrx=12; sftx=0; tx_trials=0; tx_power=14; tx_time_on_air=0; tx_counter=0; tx_frequency=0
2024-06-28 13:10:14.489568;243;H=41;T=37;Hs=35.23335;sp=20;sf=7;rx_timestamp=70593679; rssi=-42; snr=6.0; sfrx=7; sftx=0; tx_trials=0; tx_power=14; tx_time_on_air=0; tx_counter=0; tx_frequency=0
2024-06-28 13:10:37.383427;244;H=41;T=37;Hs=35.23335;sp=20;sf=12;rx_timestamp=93634581; rssi=-44; snr=7.0; sfrx=12; sftx=0; tx_trials=0; tx_power=14; tx_time_on_air=0; tx_counter=0; tx_frequency=0
2024-06-28 13:10:57.341979;245;H=44;T=35;Hs=35.12647;sp=2;sf=7;rx_timestamp=113891479; rssi=-57; snr=6.0; sfrx=7; sftx=0; tx_trials=0; tx_power=14; tx_time_on_air=0; tx_counter=0; tx_frequency=0
2024-06-28 13:11:20.381819;246;H=44;T=35;Hs=35.12647;sp=2;sf=12;rx_timestamp=136932385; rssi=-60; snr=9.0; sfrx=12; sftx=0; tx_trials=0; tx_power=14; tx_time_on_air=0; tx_counter=0; tx_frequency=0
2024-06-28 13:11:40.369982;247;H=44;T=35;Hs=35.12647;sp=20;sf=7;rx_timestamp=156125356; rssi=-43; snr=7.0; sfrx=7; sftx=0; tx_trials=0; tx_power=14; tx_time_on_air=0; tx_counter=0; tx_frequency=0
2024-06-28 13:12:02.820634;248;H=44;T=35;Hs=35.12647;sp=20;sf=12;rx_timestamp=179170268; rssi=-44; snr=7.0; sfrx=12; sftx=0; tx_trials=0; tx_power=14; tx_time_on_air=0; tx_counter=0; tx_frequency=0
2024-06-28 13:12:23.381274;249;H=48;T=35;Hs=35.05522;sp=2;sf=7;rx_timestamp=199426155; rssi=-57; snr=6.0; sfrx=7; sftx=0; tx_trials=0; tx_power=14; tx_time_on_air=0; tx_counter=0; tx_frequency=0
2024-06-28 13:12:45.823059;250;H=48;T=35;Hs=35.05522;sp=2;sf=12;rx_timestamp=222469054; rssi=-59; snr=9.0; sfrx=12; sftx=0; tx_trials=0; tx_power=14; tx_time_on_air=0; tx_counter=0; tx_frequency=0
2024-06-28 13:13:05.496207;251;H=48;T=35;Hs=35.05522;sp=20;sf=7;rx_timestamp=241690039; rssi=-43; snr=7.0; sfrx=7; sftx=0; tx_trials=0; tx_power=14; tx_time_on_air=0; tx_counter=0; tx_frequency=0
2024-06-28 13:13:28.385430;252;H=48;T=35;Hs=35.05522;sp=20;sf=12;rx_timestamp=264730944; rssi=-44; snr=6.0; sfrx=12; sftx=0; tx_trials=0; tx_power=14; tx_time_on_air=0; tx_counter=0; tx_frequency=0
2024-06-28 13:13:48.347352;253;H=47;T=36;Hs=34.69897;sp=2;sf=7;rx_timestamp=284990839; rssi=-57; snr=6.0; sfrx=7; sftx=0; tx_trials=0; tx_power=14; tx_time_on_air=0; tx_counter=0; tx_frequency=0
2024-06-28 13:14:11.387585;254;H=47;T=36;Hs=34.69897;sp=2;sf=12;rx_timestamp=308031738; rssi=-60; snr=9.0; sfrx=12; sftx=0; tx_trials=0; tx_power=14; tx_time_on_air=0; tx_counter=0; tx_frequency=0
2024-06-28 13:14:30.881519;255;H=47;T=36;Hs=34.69897;sp=20;sf=7;rx_timestamp=327226713; rssi=-42; snr=6.0; sfrx=7; sftx=0; tx_trials=0; tx_power=14; tx_time_on_air=0; tx_counter=0; tx_frequency=0
2024-06-28 13:14:54.022003;256;H=47;T=36;Hs=34.69897;sp=20;sf=12;rx_timestamp=350269617; rssi=-44; snr=6.0; sfrx=12; sftx=0; tx_trials=0; tx_power=14; tx_time_on_air=0; tx_counter=0; tx_frequency=0
0000;257;H=44;T=37;Hs=34.48521;sp=2;sf=7;rx_timestamp=370524517; rssi=-57; snr=6.0; sfrx=7; sftx=0; tx_trials=0; tx_power=14; tx_time_on_air=0; tx_counter=0; tx_frequency=0
2024-06-28 13:15:36.823630;258;H=44;T=37;Hs=34.48521;sp=2;sf=12;rx_timestamp=393567420; rssi=-60; snr=9.0; sfrx=12; sftx=0; tx_trials=0; tx_power=14; tx_time_on_air=0; tx_counter=0; tx_frequency=0
2024-06-28 13:15:56.886421;259;H=44;T=37;Hs=34.48521;sp=20;sf=7;rx_timestamp=412762394; rssi=-43; snr=6.0; sfrx=7; sftx=0; tx_trials=0; tx_power=14; tx_time_on_air=0; tx_counter=0; tx_frequency=0
2024-06-28 13:16:19.862385;260;H=44;T=37;Hs=34.48521;sp=20;sf=12;rx_timestamp=435805295; rssi=-44; snr=7.0; sfrx=12; sftx=0; tx_trials=0; tx_power=14; tx_time_on_air=0; tx_counter=0; tx_frequency=0
2024-06-28 13:16:43.908226;261;H=39;T=37;Hs=33.70146;sp=2;sf=7;rx_timestamp=460257177; rssi=-55; snr=7.0; sfrx=7; sftx=0; tx_trials=0; tx_power=14; tx_time_on_air=0; tx_counter=0; tx_frequency=0
2024-06-28 13:17:07.354222;262;H=39;T=37;Hs=33.70146;sp=2;sf=12;rx_timestamp=483300080; rssi=-60; snr=9.0; sfrx=12; sftx=0; tx_trials=0; tx_power=14; tx_time_on_air=0; tx_counter=0; tx_frequency=0
2024-06-28 13:17:26.345854;263;H=39;T=37;Hs=33.70146;sp=20;sf=7;rx_timestamp=502493060; rssi=-43; snr=6.0; sfrx=7; sftx=0; tx_trials=0; tx_power=14; tx_time_on_air=0; tx_counter=0; tx_frequency=0
2024-06-28 13:17:48.909365;264;H=39;T=37;Hs=33.70146;sp=20;sf=12;rx_timestamp=525535968; rssi=-44; snr=7.0; sfrx=12; sftx=0; tx_trials=0; tx_power=14; tx_time_on_air=0; tx_counter=0; tx_frequency=0
2024-06-28 13:18:09.346112;265;H=40;T=37;Hs=34.09334;sp=2;sf=7;rx_timestamp=545792850; rssi=-57; snr=5.0; sfrx=7; sftx=0; tx_trials=0; tx_power=14; tx_time_on_air=0; tx_counter=0; tx_frequency=0
2024-06-28 13:18:32.391837;266;H=40;T=37;Hs=34.09334;sp=2;sf=12;rx_timestamp=568833758; rssi=-60; snr=9.0; sfrx=12; sftx=0; tx_trials=0; tx_power=14; tx_time_on_air=0; tx_counter=0; tx_frequency=0
2024-06-28 13:18:51.386293;267;H=40;T=37;Hs=34.09334;sp=20;sf=7;rx_timestamp=588030735; rssi=-43; snr=7.0; sfrx=7; sftx=0; tx_trials=0; tx_power=14; tx_time_on_air=0; tx_counter=0; tx_frequency=0
2024-06-28 13:19:14.332821;268;H=40;T=37;Hs=34.09334;sp=20;sf=12;rx_timestamp=611073636; rssi=-44; snr=7.0; sfrx=12; sftx=0; tx_trials=0; tx_power=14; tx_time_on_air=0; tx_counter=0; tx_frequency=0
2024-06-28 13:19:34.883560;269;H=41;T=37;Hs=33.70146;sp=2;sf=7;rx_timestamp=631329527; rssi=-57; snr=6.0; sfrx=7; sftx=0; tx_trials=0; tx_power=14; tx_time_on_air=0; tx_counter=0; tx_frequency=0
2024-06-28 13:19:58.327617;270;H=41;T=37;Hs=33.70146;sp=2;sf=12;rx_timestamp=654373427; rssi=-59; snr=9.0; sfrx=12; sftx=0; tx_trials=0; tx_power=14; tx_time_on_air=0; tx_counter=0; tx_frequency=0
2024-06-28 13:20:16.825682;271;H=41;T=37;Hs=33.70146;sp=20;sf=7;rx_timestamp=673567414; rssi=-43; snr=7.0; sfrx=7; sftx=0; tx_trials=0; tx_power=14; tx_time_on_air=0; tx_counter=0; tx_frequency=0
2024-06-28 13:20:40.521022;272;H=41;T=37;Hs=33.70146;sp=20;sf=12;rx_timestamp=696608318; rssi=-44; snr=7.0; sfrx=12; sftx=0; tx_trials=0; tx_power=14; tx_time_on_air=0; tx_counter=0; tx_frequency=0
2024-06-28 13:21:00.320513;273;H=40;T=36;Hs=33.63021;sp=2;sf=7;rx_timestamp=716867202; rssi=-55; snr=6.0; sfrx=7; sftx=0; tx_trials=0; tx_power=14; tx_time_on_air=0; tx_counter=0; tx_frequency=0
2024-06-28 13:21:23.858912;274;H=40;T=36;Hs=33.63021;sp=2;sf=12;rx_timestamp=739908108; rssi=-59; snr=9.0; sfrx=12; sftx=0; tx_trials=0; tx_power=14; tx_time_on_air=0; tx_counter=0; tx_frequency=0
2024-06-28 13:21:42.858758;275;H=40;T=36;Hs=33.63021;sp=20;sf=7;rx_timestamp=759105091; rssi=-43; snr=7.0; sfrx=7; sftx=0; tx_trials=0; tx_power=14; tx_time_on_air=0; tx_counter=0; tx_frequency=0
2024-06-28 13:22:05.906349;276;H=40;T=36;Hs=33.63021;sp=20;sf=12;rx_timestamp=782145986; rssi=-44; snr=7.0; sfrx=12; sftx=0; tx_trials=0; tx_power=14; tx_time_on_air=0; tx_counter=0; tx_frequency=0
2024-06-28 13:22:25.864595;277;H=42;T=37;Hs=33.59458;sp=2;sf=7;rx_timestamp=802402880; rssi=-57; snr=6.0; sfrx=7; sftx=0; tx_trials=0; tx_power=14; tx_time_on_air=0; tx_counter=0; tx_frequency=0
2024-06-28 13:22:48.833527;278;H=42;T=37;Hs=33.59458;sp=2;sf=12;rx_timestamp=825478784; rssi=-58; snr=9.0; sfrx=12; sftx=0; tx_trials=0; tx_power=14; tx_time_on_air=0; tx_counter=0; tx_frequency=0
2024-06-28 13:23:08.326669;279;H=42;T=37;Hs=33.59458;sp=20;sf=7;rx_timestamp=844671766; rssi=-43; snr=7.0; sfrx=7; sftx=0; tx_trials=0; tx_power=14; tx_time_on_air=0; tx_counter=0; tx_frequency=0
2024-06-28 13:23:31.368733;280;H=42;T=37;Hs=33.59458;sp=20;sf=12;rx_timestamp=867714678; rssi=-44; snr=6.0; sfrx=12; sftx=0; tx_trials=0; tx_power=14; tx_time_on_air=0; tx_counter=0; tx_frequency=0
2024-06-28 13:23:51.330639;281;H=42;T=37;Hs=33.52333;sp=2;sf=7;rx_timestamp=887972548; rssi=-57; snr=6.0; sfrx=7; sftx=0; tx_trials=0; tx_power=14; tx_time_on_air=0; tx_counter=0; tx_frequency=0
2024-06-28 13:24:14.458277;282;H=42;T=37;Hs=33.52333;sp=2;sf=12;rx_timestamp=911015456; rssi=-60; snr=9.0; sfrx=12; sftx=0; tx_trials=0; tx_power=14; tx_time_on_air=0; tx_counter=0; tx_frequency=0
2024-06-28 13:24:34.031574;283;H=42;T=37;Hs=33.52333;sp=20;sf=7;rx_timestamp=930209432; rssi=-43; snr=6.0; sfrx=7; sftx=0; tx_trials=0; tx_power=14; tx_time_on_air=0; tx_counter=0; tx_frequency=0
2024-06-28 13:24:56.907791;284;H=42;T=37;Hs=33.52333;sp=20;sf=12;rx_timestamp=953252331; rssi=-45; snr=7.0; sfrx=12; sftx=0; tx_trials=0; tx_power=14; tx_time_on_air=0; tx_counter=0; tx_frequency=0
2024-06-28 13:25:17.365396;285;H=44;T=37;Hs=32.91771;sp=2;sf=7;rx_timestamp=973509231; rssi=-57; snr=6.0; sfrx=7; sftx=0; tx_trials=0; tx_power=14; tx_time_on_air=0; tx_counter=0; tx_frequency=0
2024-06-28 13:25:39.907930;286;H=44;T=37;Hs=32.91771;sp=2;sf=12;rx_timestamp=996550135; rssi=-59; snr=9.0; sfrx=12; sftx=0; tx_trials=0; tx_power=14; tx_time_on_air=0; tx_counter=0; tx_frequency=0
2024-06-28 13:25:59.403453;287;H=44;T=37;Hs=32.91771;sp=20;sf=7;rx_timestamp=1015747114; rssi=-43; snr=7.0; sfrx=7; sftx=0; tx_trials=0; tx_power=14; tx_time_on_air=0; tx_counter=0; tx_frequency=0
2024-06-28 13:26:22.345930;288;H=44;T=37;Hs=32.91771;sp=20;sf=12;rx_timestamp=1038788015; rssi=-44; snr=7.0; sfrx=12; sftx=0; tx_trials=0; tx_power=14; tx_time_on_air=0; tx_counter=0; tx_frequency=0
2024-06-28 13:26:42.405826;289;H=39;T=38;Hs=32.63271;sp=2;sf=7;rx_timestamp=1059045912; rssi=-55; snr=6.0; sfrx=7; sftx=0; tx_trials=0; tx_power=14; tx_time_on_air=0; tx_counter=0; tx_frequency=0
2024-06-28 13:27:05.346096;290;H=39;T=38;Hs=32.63271;sp=2;sf=12;rx_timestamp=1082086810; rssi=-61; snr=9.0; sfrx=12; sftx=0; tx_trials=0; tx_power=14; tx_time_on_air=0; tx_counter=0; tx_frequency=0
2024-06-28 13:27:24.837120;291;H=39;T=38;Hs=32.63271;sp=20;sf=7;rx_timestamp=1101279787; rssi=-43; snr=6.0; sfrx=7; sftx=0; tx_trials=0; tx_power=14; tx_time_on_air=0; tx_counter=0; tx_frequency=0
2024-06-28 13:27:48.387588;292;H=39;T=38;Hs=32.63271;sp=20;sf=12;rx_timestamp=1124324691; rssi=-44; snr=8.0; sfrx=12; sftx=0; tx_trials=0; tx_power=14; tx_time_on_air=0; tx_counter=0; tx_frequency=0
2024-06-28 13:28:08.343828;293;H=40;T=37;Hs=32.4902;sp=2;sf=7;rx_timestamp=1144579537; rssi=-55; snr=6.0; sfrx=7; sftx=0; tx_trials=0; tx_power=14; tx_time_on_air=0; tx_counter=0; tx_frequency=0
2024-06-28 13:28:31.422847;294;H=40;T=37;Hs=32.4902;sp=2;sf=12;rx_timestamp=1167458805; rssi=-58; snr=10.0; sfrx=12; sftx=0; tx_trials=0; tx_power=14; tx_time_on_air=0; tx_counter=0; tx_frequency=0
2024-06-28 13:28:50.381804;295;H=40;T=37;Hs=32.4902;sp=20;sf=7;rx_timestamp=1186817415; rssi=-43; snr=7.0; sfrx=7; sftx=0; tx_trials=0; tx_power=14; tx_time_on_air=0; tx_counter=0; tx_frequency=0
2024-06-28 13:29:13.924418;296;H=40;T=37;Hs=32.4902;sp=20;sf=12;rx_timestamp=1209858312; rssi=-45; snr=7.0; sfrx=12; sftx=0; tx_trials=0; tx_power=14; tx_time_on_air=0; tx_counter=0; tx_frequency=0
2024-06-28 13:29:33.880687;297;H=42;T=37;Hs=32.27645;sp=2;sf=7;rx_timestamp=1230115246; rssi=-57; snr=6.0; sfrx=7; sftx=0; tx_trials=0; tx_power=14; tx_time_on_air=0; tx_counter=0; tx_frequency=0
2024-06-28 13:29:56.921422;298;H=42;T=37;Hs=32.27645;sp=2;sf=12;rx_timestamp=1253158153; rssi=-58; snr=9.0; sfrx=12; sftx=0; tx_trials=0; tx_power=14; tx_time_on_air=0; tx_counter=0; tx_frequency=0
2024-06-28 13:30:16.414633;299;H=42;T=37;Hs=32.27645;sp=20;sf=7;rx_timestamp=1272353125; rssi=-43; snr=7.0; sfrx=7; sftx=0; tx_trials=0; tx_power=14; tx_time_on_air=0; tx_counter=0; tx_frequency=0
2024-06-28 13:30:39.391304;300;H=42;T=37;Hs=32.27645;sp=20;sf=12;rx_timestamp=1295396033; rssi=-45; snr=9.0; sfrx=12; sftx=0; tx_trials=0; tx_power=14; tx_time_on_air=0; tx_counter=0; tx_frequency=0
2024-06-28 13:31:01.467912;301;H=42;T=36;Hs=32.45458;sp=2;sf=7;rx_timestamp=1317746906; rssi=-57; snr=6.0; sfrx=7; sftx=0; tx_trials=0; tx_power=14; tx_time_on_air=0; tx_counter=0; tx_frequency=0
2024-06-28 13:31:24.851662;302;H=42;T=36;Hs=32.45458;sp=2;sf=12;rx_timestamp=1340787808; rssi=-59; snr=9.0; sfrx=12; sftx=0; tx_trials=0; tx_power=14; tx_time_on_air=0; tx_counter=0; tx_frequency=0
2024-06-28 13:31:43.350293;303;H=42;T=36;Hs=32.45458;sp=20;sf=7;rx_timestamp=1359982791; rssi=-42; snr=6.0; sfrx=7; sftx=0; tx_trials=0; tx_power=14; tx_time_on_air=0; tx_counter=0; tx_frequency=0
2024-06-28 13:32:06.397415;304;H=42;T=36;Hs=32.45458;sp=20;sf=12;rx_timestamp=1383025686; rssi=-45; snr=7.0; sfrx=12; sftx=0; tx_trials=0; tx_power=14; tx_time_on_air=0; tx_counter=0; tx_frequency=0
2024-06-28 13:32:27.357661;305;H=39;T=36;Hs=32.3477;sp=2;sf=7;rx_timestamp=1403280543; rssi=-57; snr=5.0; sfrx=7; sftx=0; tx_trials=0; tx_power=14; tx_time_on_air=0; tx_counter=0; tx_frequency=0
2024-06-28 13:32:49.932651;306;H=39;T=36;Hs=32.3477;sp=2;sf=12;rx_timestamp=1426161802; rssi=-58; snr=9.0; sfrx=12; sftx=0; tx_trials=0; tx_power=14; tx_time_on_air=0; tx_counter=0; tx_frequency=0
2024-06-28 13:33:09.389764;307;H=39;T=36;Hs=32.3477;sp=20;sf=7;rx_timestamp=1445518418; rssi=-43; snr=6.0; sfrx=7; sftx=0; tx_trials=0; tx_power=14; tx_time_on_air=0; tx_counter=0; tx_frequency=0
2024-06-28 13:33:32.425262;308;H=39;T=36;Hs=32.3477;sp=20;sf=12;rx_timestamp=1468559316; rssi=-44; snr=7.0; sfrx=12; sftx=0; tx_trials=0; tx_power=14; tx_time_on_air=0; tx_counter=0; tx_frequency=0
2024-06-28 13:33:52.885144;309;H=45;T=36;Hs=32.31208;sp=2;sf=7;rx_timestamp=1488821258; rssi=-57; snr=6.0; sfrx=7; sftx=0; tx_trials=0; tx_power=14; tx_time_on_air=0; tx_counter=0; tx_frequency=0
2024-06-28 13:34:15.925290;310;H=45;T=36;Hs=32.31208;sp=2;sf=12;rx_timestamp=1511862159; rssi=-60; snr=9.0; sfrx=12; sftx=0; tx_trials=0; tx_power=14; tx_time_on_air=0; tx_counter=0; tx_frequency=0
2024-06-28 13:34:34.920814;311;H=45;T=36;Hs=32.31208;sp=20;sf=7;rx_timestamp=1531057136; rssi=-43; snr=7.0; sfrx=7; sftx=0; tx_trials=0; tx_power=14; tx_time_on_air=0; tx_counter=0; tx_frequency=0
2024-06-28 13:34:57.871476;312;H=45;T=36;Hs=32.31208;sp=20;sf=12;rx_timestamp=1554100023; rssi=-44; snr=6.0; sfrx=12; sftx=0; tx_trials=0; tx_power=14; tx_time_on_air=0; tx_counter=0; tx_frequency=0
0000;313;H=46;T=36;Hs=31.77769;sp=2;sf=7;rx_timestamp=1574355934; rssi=-58; snr=6.0; sfrx=7; sftx=0; tx_trials=0; tx_power=14; tx_time_on_air=0; tx_counter=0; tx_frequency=0
2024-06-28 13:35:41.444864;314;H=46;T=36;Hs=31.77769;sp=2;sf=12;rx_timestamp=1597413833; rssi=-59; snr=9.0; sfrx=12; sftx=0; tx_trials=0; tx_power=14; tx_time_on_air=0; tx_counter=0; tx_frequency=0
2024-06-28 13:36:00.375929;315;H=46;T=36;Hs=31.77769;sp=20;sf=7;rx_timestamp=1616606809; rssi=-43; snr=7.0; sfrx=7; sftx=0; tx_trials=0; tx_power=14; tx_time_on_air=0; tx_counter=0; tx_frequency=0
2024-06-28 13:36:23.416533;316;H=46;T=36;Hs=31.77769;sp=20;sf=12;rx_timestamp=1639647706; rssi=-46; snr=8.0; sfrx=12; sftx=0; tx_trials=0; tx_power=14; tx_time_on_air=0; tx_counter=0; tx_frequency=0
2024-06-28 13:36:44.320668;317;H=39;T=37;Hs=31.4927;sp=2;sf=7;rx_timestamp=1659906555; rssi=-57; snr=6.0; sfrx=7; sftx=0; tx_trials=0; tx_power=14; tx_time_on_air=0; tx_counter=0; tx_frequency=0
2024-06-28 13:37:06.851258;318;H=39;T=37;Hs=31.4927;sp=2;sf=12;rx_timestamp=1682783818; rssi=-59; snr=8.0; sfrx=12; sftx=0; tx_trials=0; tx_power=14; tx_time_on_air=0; tx_counter=0; tx_frequency=0
2024-06-28 13:37:25.911751;319;H=39;T=37;Hs=31.4927;sp=20;sf=7;rx_timestamp=1702142432; rssi=-43; snr=6.0; sfrx=7; sftx=0; tx_trials=0; tx_power=14; tx_time_on_air=0; tx_counter=0; tx_frequency=0
2024-06-28 13:37:49.360482;320;H=39;T=37;Hs=31.4927;sp=20;sf=12;rx_timestamp=1725185334; rssi=-44; snr=7.0; sfrx=12; sftx=0; tx_trials=0; tx_power=14; tx_time_on_air=0; tx_counter=0; tx_frequency=0
2024-06-28 13:38:09.407006;321;H=42;T=36;Hs=31.81332;sp=2;sf=7;rx_timestamp=1745441263; rssi=-57; snr=6.0; sfrx=7; sftx=0; tx_trials=0; tx_power=14; tx_time_on_air=0; tx_counter=0; tx_frequency=0
2024-06-28 13:38:32.349750;322;H=42;T=36;Hs=31.81332;sp=2;sf=12;rx_timestamp=1768482164; rssi=-61; snr=8.0; sfrx=12; sftx=0; tx_trials=0; tx_power=14; tx_time_on_air=0; tx_counter=0; tx_frequency=0
